x1,x2
-0.677999381,-0.698756982
0.931437462,0.191391335
0.548291311,-0.006017146
0.872836923,0.375023318
0.435427203,-0.294726379
-0.536253308,-0.163470807
0.935533986,-0.069950238
0.159219356,0.971414941
-0.611547305,0.751418444
0.42304031,-0.268125394
0.173146599,-0.458362607
-0.219125296,-0.39884899
0.096108929,-0.519601932
-0.104485902,0.942076852
0.967686888,-0.17418264
0.754242276,-0.621617318
-0.043995652,-0.531986523
0.430365191,-0.355165378
-1.027807339,0.155325069
-0.22854775,0.382528681
0.071757702,0.989000422
0.655803368,-0.812774995
0.758490459,0.629617799
-0.866655524,-0.497840814
-0.520034815,0.072190441
0.394908686,0.221529486
-0.480140547,-0.098754265
-0.184217697,-0.921755265
0.10159623,0.524726534
-0.14061516,-0.420061888
0.305418259,-0.305835686
-0.850260522,0.502583322
-0.520933357,-0.010491941
0.157636717,0.523338204
-0.434188799,0.023918088
0.31651251,-0.394524627
-0.603595428,-0.675229786
0.120921224,-0.969693407
-0.699461414,-0.700145077
-0.829812739,0.384497375
-0.450134804,-0.28503001
0.342891409,-0.455510411
0.531813872,0.031430827
0.738476836,-0.657937671
-0.61545742,0.768497566
-0.378751736,-0.893042993
-0.469287271,0.170619147
0.940516023,-0.345081358
0.280564436,0.318425253
-0.375462798,-0.387241813
0.51335631,0.249786173
-0.461774078,-0.224138225
0.053183134,-0.948770752
0.07080838,-0.380032121
-0.160072009,-0.895151007
-0.02748724,-0.554549245
0.912893765,-0.342490288
-0.441389448,-0.890763591
0.454789886,0.032808702
-0.506643589,0.080482291
-0.734677308,-0.666445869
0.860849283,0.554750787
-0.456707307,0.221557113
-0.331154152,0.969166104
0.035349443,0.466655452
-0.008866992,0.516405198
-0.312811249,-1.016868176
-0.331718064,-0.439312944
-0.753689658,-0.642231746
-0.546627321,0.079896398
0.914885495,0.087660812
-0.946636423,-0.593911785
0.407068031,0.108281895
-0.409579473,0.293544146
0.418978524,0.871143156
-0.079673339,-0.959064218
0.022270552,0.492023681
-0.128444879,1.034037886
0.29612881,0.927400373
0.221447658,-0.372742653
0.423269204,-0.21243441
-0.924347372,-0.351271168
-0.605628633,-0.715164198
-0.765675805,-0.728862121
0.338073383,0.372802714
-0.428441217,0.807282701
0.333686336,-0.263153562
-0.524092124,-0.848993447
-0.03860908,-0.995679528
-0.984525865,0.046950921
0.210340334,-0.985423986
0.00888553,-0.99603239
-0.659498663,0.594582437
0.97192635,0.224893969
-0.353676927,-0.235195785
-0.057825017,-0.566346796
0.871633741,-0.633180701
-0.321463896,0.931367786
0.98481673,0.281003161
0.087166962,0.529270041
-0.388276701,0.193738971
0.179648286,-0.497590881
0.551416195,0.87300675
0.057045169,0.497795713
-0.57383221,0.03336156
0.074691899,0.579819495
-0.952957907,0.325481302
-0.732914227,-0.528068544
0.248819871,-0.95667076
-0.511008982,0.180195992
-0.01596677,1.03727049
0.961245378,0.087256491
0.924576657,0.380657354
0.69458853,0.584796859
-0.168396128,-0.486704748
0.112855934,0.455664374
0.905956951,0.235715525
-0.193360117,-0.38014973
0.428584462,0.27926742
-0.129808387,-1.006864755
0.849347439,0.433454757
0.958172258,-0.407165416
-0.68462931,-0.698641524
-0.303698088,-0.935910263
-0.605070924,-0.870112019
-0.171775223,0.504553008
-0.941086781,-0.363499006
-1.026895227,-0.176612709
0.251773641,-0.37520989
-0.039233299,0.508236542
0.598627285,0.16147524
0.150253261,0.467935846
-0.158062551,0.993672021
-0.174484212,-0.49093637
0.797352645,-0.570801788
-0.880238198,0.581656268
0.248483131,0.975321332
-0.764438965,0.640960078
-0.555156952,0.222930799
0.398576866,-0.875907838
-0.908205186,0.407284877
0.539886476,-0.845203263
0.162115755,0.440918039
0.481714955,0.116852811
-0.049454579,0.973072362
-1.094953109,-0.026591955
0.08176136,-0.882491521
-0.935893131,0.378655285
0.397561169,-0.16995446
0.974015912,0.059281808
-0.854687391,0.659927428
-0.468957074,-0.282842218
0.980104105,0.249931447
0.086943335,0.513642776
0.54195717,0.144447841
-0.019935435,0.411956792
0.495278701,-0.184584976
-0.99296946,0.072164488
-0.045094381,0.46916685
0.909350626,-0.449185739
-0.225597847,-0.473253
0.865109068,-0.496427493
-0.227253413,0.997429455
-0.46106027,-0.179749724
0.254634015,-0.391796287
0.162349064,0.399205448
-0.547371677,0.199307621
0.432874553,-0.288995201
-0.838898162,0.395561741
0.985177857,0.197549441
-0.866027793,-0.502549687
0.507850642,0.17382884
0.380958882,-0.212232297
-0.084690621,1.016471567
-0.222871628,0.397239928
-0.900582184,-0.474540085
0.237291697,0.830082608
-0.462334279,-0.958491168
0.294506863,-0.392423498
0.660606296,-0.680099207
-0.852687068,0.549440127
-0.307097655,0.859803649
0.986496842,-0.286052727
1.07288971,-0.014781691
0.347050584,-0.952040928
0.792056757,0.622891676
0.856374119,-0.659352232
0.716643149,0.73913146
-0.949821959,-0.413829927
0.439083557,0.973049483
-0.901443242,0.473574592
-0.417679249,-0.292203664
-0.401663438,0.230490412
-0.770459016,-0.624692778
0.10464939,-0.419056966
-0.351992421,0.925475522
-0.46188477,0.081054344
0.776156411,0.563417329
-0.609452722,0.776123918
-0.869825598,0.611029878
-0.936342638,-0.25039613
0.947640644,0.195188743
0.17200054,0.505505431
0.670847061,0.722336658
-0.128180271,0.382630247
0.084943333,0.970973184
0.502432156,0.836911273
-0.765820263,-0.59835288
0.26778269,-0.953261422
-0.136963231,0.505817176
0.526329487,0.006973798
0.033777503,-1.002287291
1.06064631,0.045412909
0.500938706,-0.059419853
-0.440592329,-0.18696234
-0.725036536,-0.670232158
-0.259295229,-0.395699385
0.356994063,0.302501639
0.411268828,-0.865534174
-0.459595091,0.127022398
0.187556829,0.503566296
0.35099003,0.962713498
0.946578182,-0.211255183
0.599336798,-0.842506496
-0.186973833,-1.057287637
-0.781940741,-0.518191643
0.50437716,-0.112437605
-0.424957829,-0.13191512
-0.988046674,-0.290393424
0.583737569,0.76240313
0.90561642,-0.191903855
0.122915189,-0.478366608
0.321184434,-0.3807304
0.925293265,-0.452891752
0.177570246,-0.93205106
0.285046958,0.423628169
-0.50698505,-0.11050519
0.482755693,-0.083603939
-0.30891709,1.035905034
-0.486190617,-0.079373602
-0.109447853,0.48373464
0.927041568,0.372614775
-0.227087517,0.396411938
0.194855654,-0.431768323
0.807126869,0.410153377
-0.487038719,-0.197967479
-0.015964178,-0.483815712
-0.275203483,-0.955065903
-0.322384212,0.299987776
-0.680302376,0.686720225
0.300083469,-0.209033865
0.768798645,-0.659105718
-0.316120564,0.841761442
-0.100477821,0.441616811
-0.317350504,0.463190526
-0.168533135,-0.524660137
-0.210372088,0.910182301
0.380472599,-0.301154416
1.059209261,-0.238329763
-0.437668068,0.26065118
-0.918126669,-0.62561544
0.661263263,-0.592862488
0.208280775,0.511717485
-0.86246955,0.56069254
-0.35717525,-0.253458329
0.41958719,-0.862856891
0.075455785,-0.499759372
-0.112885831,0.495239261
-0.947117224,0.115546325
-0.386085856,-0.093425705
0.397381186,-0.358283013
0.586200667,-0.039841226
0.373323065,-0.21107742
0.523410749,-0.313836707
-0.302929848,0.392801787
-0.373474806,-0.972741477
-0.535743663,-0.111344117
0.030460075,0.952754963
-0.833726448,0.623528401
0.330402275,-0.415523922
0.198182742,-0.41787396
0.419157988,-0.22080721
0.24325438,-0.480817992
-0.164163934,0.447863015
-0.356430454,0.316113413
0.960673431,-0.532562186
-0.217009481,0.399248891
-0.182976727,-0.968203587
-0.486861101,0.001070006
-0.998200721,0.285769698
-0.258566138,-0.348945386
1.001401069,-0.083752775
0.899495597,0.399639219
-0.029119538,-1.011456337
-0.510888747,-0.033808025
-0.236222466,1.014309358
-0.025134345,0.500611053
-0.177920419,0.445064789
0.458140729,-0.109140217
-0.764946445,-0.621198458
0.486057514,-0.860181812
0.727379593,-0.663890591
-0.896434602,0.431432256
0.353965267,0.906513003
0.494337263,-0.865661341
-0.677503983,-0.798776571
0.981943488,0.34884897
-0.417313494,0.230326055
-0.534694373,0.085594282
-1.036210528,0.138269348
0.47030429,0.116419776
-0.758202976,-0.634538308
0.298848362,0.459690616
0.866894371,-0.494182049
-0.887719251,-0.376569062
-0.462028729,-0.263351735
0.098597601,0.485243538
-0.420277879,-0.214920337
0.946166745,0.515925614
-0.341843393,0.925878379
-0.867366644,0.397897617
0.40221509,0.293868333
-0.512864478,-0.23178915
0.547199667,-0.109035992
0.90632444,0.490821755
-0.109815221,0.497706483
-0.08863181,-1.021198591
-0.290761556,-0.932944351
-0.394196737,0.256479038
-0.287779792,0.2531397
-1.01140076,-0.038587879
0.360575108,0.294392214
-0.297504722,-0.231838736
0.864789689,0.276511432
-0.660444945,0.812649873
-0.19329395,0.544460765
0.406888,-0.296967809
0.605197935,0.862783955
0.216620235,-0.431741822
-0.519715314,0.17532011
-0.836740365,-0.527318217
0.544606458,0.85462527
-0.075075946,1.107215794
-0.355730466,0.390135851
0.178468,-0.516519688
-0.414952463,0.230034646
-0.400819335,0.301431624
0.047975829,-0.43037831
0.045276257,-0.968817486
0.173567744,-0.500155783
0.41277957,0.205281541
-0.179632567,-0.530021965
-0.492470486,-0.942869945
-0.842716891,0.046666836
0.253651815,-0.423415701
-0.175362036,-0.491157725
-0.251316363,-0.452698898
0.347521036,-0.337458395
-0.428995309,-0.84009375
0.455201378,0.287714439
0.226315516,-0.935593144
0.834339062,0.359790797
-0.051507605,-0.432374043
-0.151291322,-0.9158845
0.746569325,0.736689775
0.254548437,0.416879428
-0.446321583,-0.292014839
-0.14535101,-0.490868795
0.896340956,0.3826208
-0.299117701,0.359764453
0.783893414,0.606463497
-0.605867151,-0.777542838
0.10432734,-0.497190737
1.010678105,-0.084426902
0.13412621,-0.483766334
-0.432429066,0.846934004
0.814121745,-0.56137007
0.953932612,-0.213570372
0.220573101,-0.982055387
0.012950095,0.994213118
0.21167757,0.947324957
0.183041174,-0.410489974
-0.841033594,0.397786272
0.974489077,0.088832675
-0.183429656,-0.928581381
0.306612619,-0.350987357
-0.622287632,-0.834055753
0.019717436,-1.008886404
-0.476608112,-0.07872833
-0.979637487,-0.093795581
0.218739949,0.481156553
-0.352025631,-0.354291065
0.317820976,-0.236924442
0.419290893,0.326368968
-0.549357343,0.053576165
0.508233666,-0.296204928
0.725601437,-0.751717217
-0.088770731,-0.456016449
1.046336237,0.000275553
-0.21556351,0.455457085
-0.50865062,0.056324464
0.510433782,-0.888737935
0.117663612,0.525736346
-0.3807207,0.227414842
0.478516711,-0.122765944
-0.424343766,0.23328927
0.454686961,-0.876208228
-0.441405438,0.146214887
0.163840079,0.382481894
0.569653752,0.085292957
-0.986533533,-0.478660942
-0.387835618,-0.916126297
-0.127071629,0.42638422
-0.199391052,-0.526146078
-1.035742054,-0.196234366
-0.05123306,-0.465138784
-0.428368871,-0.047363636
-0.476370934,-0.138416324
0.426817193,0.215754497
0.495331034,0.191532598
0.415164152,-0.263428591
0.838258971,-0.494880238
0.750892734,-0.689372702
-0.495793896,-0.109527255
0.234780944,0.427291416
0.155416936,-0.399607757
0.566996369,-0.760462817
-0.507943242,0.806252976
1.000321838,-0.297022922
0.835510128,-0.638753797
0.437386009,0.350651678
-0.776157802,-0.490756632
0.347570568,0.50952072
-0.477439104,0.861656166
-0.971328873,-0.370001473
-0.400732735,-0.190103265
-0.545941699,0.905461067
-0.433640558,0.166344108
0.073579362,-0.50487096
-0.603775887,-0.867520111
0.208232251,-0.473394932
-0.877820034,-0.402422112
-0.417911391,-0.364645609
0.417577516,-0.186013424
-0.295228924,0.385250712
0.048779303,-0.436436723
-0.379830905,-0.251604697
-0.049124814,-0.601650478
-0.421046114,-0.131184507
-0.03762402,0.385957945
-0.301450356,-0.845250087
-0.322129322,0.373384451
-0.017798431,-0.996370748
0.602487687,-0.794053972
0.695779294,-0.742608131
-0.410989099,0.360556786
-0.07962689,0.584187294
0.479044099,-0.180924908
-0.985729284,-0.388356969
-0.019055234,0.964548514
-0.399048255,0.911348332
-0.007990252,-0.410155478
0.064184146,-0.515430339
0.448936937,-0.223399879
-0.49011496,0.138612185
0.243716478,0.462987417
0.859155368,0.444468174
0.202434912,-0.499261605
0.008051688,-0.515215798
0.656703565,-0.730801507
0.409827021,0.298935995
-0.046319883,0.441091856
0.44614778,0.022525247
0.13303471,-0.973218612
0.747156963,0.652587562
-0.767682563,-0.669114593
-0.427129917,-0.249255267
-0.447850602,0.161125768
0.90215486,0.35861914
-0.262299141,-0.378196612
-0.382378788,0.753528481
0.470632402,-0.157225664
-0.734168686,0.627161037
0.923239079,-0.476153297
0.870000537,-0.471650156
-0.65106367,0.704730053
0.020100704,0.434650274
-0.070438332,-0.978500435
-0.984267125,-0.157078429
-0.673375935,0.755562856
-0.413699386,0.159980123
-0.526451346,-0.756120137
0.577600367,-0.067938433
-0.541984702,-0.013613717
0.648840704,-0.75313488
-0.707874283,0.714192185
-0.399472123,0.375040951
0.30363849,0.409791938
-0.988832099,-0.119125388
-0.662158896,0.764752315
-0.974709861,-0.334435484
-0.059847457,-0.547556373
-0.926453837,0.237144104
-0.714904006,-0.642234502
-1.061996617,0.14426207
0.499472094,-0.093872276
0.436698048,0.456442426
-0.145574713,-1.015787277
-0.833639496,0.415878174
-0.538611307,-0.130033438
-0.047882176,0.988186654
0.547303446,0.059563736
-0.15224364,0.482598444
0.883322558,0.551497136
-0.525825696,-0.899296319
0.940642555,0.079329374
0.1595487,0.471706177
-0.431122042,-0.869813487
-0.42037629,-0.284673942
0.964114494,-0.316045149
0.090720705,-0.510466704
0.846677281,0.42147141
-0.32369643,0.388932369
0.360118384,-0.342293323
-0.906269455,-0.332858054
-0.172270054,-1.003397763
-0.112385709,1.012097468
-0.896784102,0.373224045
-0.590284157,-0.778549527
0.34496493,0.363181511
-0.159234539,-0.389218354
-0.310178079,-0.937731805
0.463531865,-0.206672719
-1.018857016,-0.336616096
0.40880636,-0.958344834
-0.310497965,0.345930688
0.280534194,-0.966997816
-0.091346161,-1.035662235
0.446761845,0.18380796
-0.680359745,-0.779284306
-0.360953986,-0.363679362
0.447993493,0.825973738
1.03520591,0.125412892
-0.50464371,0.190075779
0.272663302,-0.291740351
-0.679005758,-0.716972195
-0.00788488,-1.023775728
-0.264651482,0.328190788
0.477002595,0.287398776
-0.301861282,-0.394858293
0.702428836,0.728898392
0.822623166,0.486387425
-0.551960541,-0.016651544
-0.054259301,0.506987494
-0.987546393,-0.179946655
0.175134426,0.892756318
-0.330312565,0.372251328
0.1741609,-0.529993385
-0.996707569,0.234107527
-0.00655175,1.115930217
-0.481870042,-0.177123597
-1.037933262,0.089382227
0.649831177,0.88533672
0.744833351,-0.413087499
-0.488744272,0.812115707
-0.136409575,0.569903389
-0.902982346,0.431386695
-0.090668014,0.423669372
-1.032578308,-0.110511956
-1.066994151,0.2101984
-0.63336857,0.805055117
-0.945786062,0.142619321
-0.471333041,-0.166391619
-0.439499352,0.337179056
0.293863787,-0.372853877
0.933752716,-0.247618356
0.438967806,-0.344030281
1.025842511,0.083376987
0.848691962,0.409470084
0.385670749,-0.312713758
-0.353100645,-0.505542882
0.500672287,0.20707517
-0.992601489,0.094302651
0.481474881,0.167594912
0.536282601,-0.134783776
0.196846418,-0.467952182
0.935402147,-0.133774544
0.750427133,-0.669785285
0.699905854,0.707979591
-0.369992546,-0.414248556
0.024422796,-0.480681031
-0.04029951,1.004999603
0.08255275,1.020215877
0.082123166,-0.496301244
0.453135964,-0.225144416
0.921309124,-0.304054955
0.413877305,0.20843226
-0.201806805,-0.97561845
0.994211955,-0.090429206
0.794808373,0.610930182
-0.481421438,0.123684734
-0.916294641,-0.248705092
-0.720330296,0.821486031
0.218266214,-0.962246205
-0.880410597,-0.105727362
0.061270253,-0.464200945
0.45917711,0.925890709
-0.653835665,0.805293725
0.467594324,0.137074083
-0.276385452,-0.395558417
0.734201955,0.722301817
0.375361332,0.189260241
0.193503963,-0.353736617
-0.10467241,0.429292555
-0.532232765,-0.278900291
0.522314071,0.003216539
-0.753674544,0.663683819
-0.63716122,0.8019867
0.473039325,-0.128132123
0.892201307,-0.510702279
-0.220470977,-0.451810819
0.520514152,-0.090234613
-0.802982314,-0.344827196
0.083527352,0.467431119
-0.958861216,0.135800879
0.359596703,-0.898956902
-0.478897492,0.969480246
0.083038697,-0.4947713
0.971487494,-0.324154957
-0.152729774,-0.554838051
-0.111314671,0.523428261
-0.429918451,0.334627488
0.426712657,0.199641102
-0.94587283,-0.015961951
-0.618716722,-0.577648803
0.665113765,0.811856784
-0.370518885,-0.430922941
-0.176774148,-0.462535503
0.795572381,-0.468388464
-0.456108166,-0.196353603
-0.468822903,-0.927027408
0.698176713,-0.717686844
-0.483735932,0.062662051
-0.075896724,-0.515179743
0.250324687,0.378778189
0.07473894,0.568740929
-0.970513069,0.072879509
0.511299741,-0.01567588
-1.014409163,-0.123088817
-0.179696847,1.044340748
0.88663023,0.497947342
-0.323734884,-0.465293857
0.386387101,0.36944261
-0.670068815,0.730703815
-0.055725881,-0.484028441
0.496089857,0.07380315
-0.461010005,-0.114446762
-0.385740213,0.377162019
0.462716725,0.211399499
-0.217344926,-0.912625179
-0.722023059,-0.762704574
-0.465835673,-0.210399892
-0.15521472,-0.449591545
0.183615528,-0.372897104
-0.336088127,-0.479256044
0.043281253,1.047885188
0.485354244,0.051776061
1.014635302,-0.009731358
0.011073455,-0.550879475
-0.916355785,0.510770608
-0.221728837,1.033860111
-0.083328705,0.511365905
0.173632361,-0.380024764
-0.083334582,0.510564106
-0.255195439,0.507867183
-0.257340473,-0.992995382
-0.53457189,0.904510799
0.959089466,0.332995413
0.71088457,-0.668362741
-0.457089993,-0.119186841
-0.371356445,0.843448214
0.176816975,0.509167023
-0.125945115,0.481279986
-0.210093831,0.479303432
0.025689392,-0.471464154
-0.138035386,0.420076839
-0.555669653,0.80190755
0.682826872,0.73023673
0.940400429,0.164225249
0.422610421,-0.140270301
0.258934158,0.403768396
0.392850469,0.308710894
-0.353734889,0.337216227
0.241158171,0.403967276
0.486631762,-0.203835629
-0.040169771,-0.976752571
-0.277385589,0.329737086
-0.451353723,-0.186306643
-0.334576913,-0.985400158
0.542603137,-0.892565329
-0.567149431,-0.784832887
0.428928759,-0.248270126
-0.296177166,0.442089283
0.976837528,-0.136481341
0.493476286,0.085780223
0.468365091,-0.081299141
-0.530079502,0.075961956
-0.920269626,0.015242006
0.010269531,0.42216219
-0.29980686,0.85900451
-0.974348905,-0.338235051
-0.139248045,0.940724487
0.721951025,0.578520087
-0.064088444,1.036967589
-0.579669093,-0.800170696
0.428869992,0.16549053
0.354811816,1.071619919
0.400754566,0.106264209
-0.898130201,0.482274033
-0.30425948,-0.369391552
0.220212121,0.323096301
-0.781949406,-0.623955493
0.367733568,0.876235272
-0.253623835,-0.411581006
-0.357576863,-0.178153649
-0.372692767,-0.198907641
-0.406149079,0.355235143
-0.153363724,-0.539392984
1.017185695,-0.062681604
0.344751741,-1.036993701
0.308679862,0.38498719
-0.089192567,-0.509445227
0.76837997,0.636211315
0.291619522,1.075850556
-0.513504924,0.148544393
-0.495245,-0.205787268
-0.358479781,-0.354498205
0.44603305,0.92960692
-0.463365365,0.176339507
0.525788514,0.04794685
-0.95799264,-0.154614452
0.34989508,0.850707671
-0.083150435,0.468087537
-0.902391908,-0.379333648
-0.284483624,0.252711408
0.008046222,0.491874584
-1.069040086,-0.235483996
0.541314518,0.070689087
0.401161151,-0.320203037
0.245583389,0.542472191
0.041051638,0.518706756
-0.899948993,0.165899788
0.674320219,0.786183307
0.495283737,-0.815470723
0.127167279,-0.951990386
1.00625341,0.305377481
-0.660673538,-0.778330718
0.33186973,0.928536493
0.306922147,-0.485998618
0.280188914,0.943399942
-0.055381939,-1.07762569
0.241308594,0.475104646
0.094015964,0.573092394
-0.394661012,-0.896597566
-0.427261002,0.16985568
-0.275673653,-0.471097753
-0.40232266,0.915196015
-0.279216162,0.462328191
-0.413871206,0.920624639
0.048174676,-0.470363293
-0.56260646,-0.035913522
-0.32078433,0.453396294
0.731346444,-0.770325841
0.265057236,-1.069975152
0.09950878,0.501058222
-0.50152796,-0.195086367
0.809791087,0.513726618
0.335597715,-0.427182937
0.053388823,0.953206756
-0.319600085,0.920112976
0.001808207,0.911416661
-0.369341464,-0.383086325
-0.119685458,0.474282499
-0.187142912,0.474779324
-0.325911104,-1.025639674
0.865542404,-0.618799499
0.090815325,0.419351098
-0.369453641,0.294803206
-0.482743731,0.221822489
0.44547847,0.125008428
-0.966670534,-0.026235424
-0.173210412,-0.45306138
0.302726711,-0.503563866
-0.970381481,0.344969316
0.318372515,0.398460334
-0.557220587,0.844918776
0.983051556,-0.000581024
-0.551473425,0.912464755
0.515335976,0.054156086
0.928300529,0.361197395
0.496397797,-0.063496229
-0.077390206,-1.016461734
0.525592661,0.879311137
0.581995978,0.123192271
0.62764031,-0.678406175
-0.345231961,0.331676332
0.899027824,-0.373112851
0.702078216,0.673462515
-0.52131672,0.060243473
-0.601738457,-0.803358172
0.398822739,-0.085422488
0.032988932,0.474670163
0.800713686,-0.591060663
0.986086312,0.165684147
-0.388702985,0.894500118
1.032331998,0.449814691
0.192941763,0.86732618
-0.771062053,-0.519478314
1.005553569,-0.117032937
0.461505851,0.288623811
-0.154529728,-0.544828585
-0.486014941,0.118645293
0.376450126,0.309614583
-0.806288678,0.63039372
-0.319939814,0.411189423
0.051524877,1.040204273
0.950787956,-0.42135338
0.701025275,-0.743509264
0.112521678,-0.535038347
-0.759595188,0.698364886
0.491356446,-0.121127481
-0.127813497,-0.417264727
0.514027871,0.048677837
-0.035365198,-0.488239155
-0.305625764,-0.487870487
-0.051946321,0.474658078
0.744776637,-0.663358838
0.299278806,-0.37728144
0.550034462,0.198918954
-0.166453226,0.913320532
-1.021316067,0.299420874
-0.827893469,0.606639954
-0.187675195,0.969991333
0.449251551,-0.085263205
-0.767316193,0.634944072
-1.024034647,-0.0606368
0.168886713,0.941175612
-0.897485664,-0.361962636
-0.332873383,0.966019873
0.392345934,-0.897802618
1.044408037,0.227324169
-0.367036271,-0.838349857
-0.504570731,0.032647791
0.780274758,0.532232054
0.679892011,0.708961274
-0.439129123,-0.124303998
-0.956624017,-0.122036952
0.354346024,0.379391495
1.030653582,-0.035461509
-1.006928913,0.022802119
-0.518946345,0.771744689
-0.219356572,-0.371994721
-0.19463774,0.431672142
-0.805355566,0.600713966
0.050899029,-0.46285186
0.432221995,-0.317450069
-0.988472791,-0.345246714
0.461139211,-0.209825942
0.061760136,0.481055316
0.984320742,0.331883427
-0.192601903,0.99680022
-0.221279833,-0.940993514
0.219954012,-0.490377953
-0.604191426,-0.877882009
0.238072293,-0.935166992
0.700646136,0.642797998
-0.448659656,-0.875637756
-0.679050828,0.704964913
-0.32319484,-0.334981419
0.290346944,0.329249662
0.802617615,0.552108054
0.035005829,-0.933954445
0.094872701,1.014236449
-0.461480563,0.032804834
0.374549377,-0.395426118
-0.497668701,-0.866974516
0.564979749,0.771421759
-0.755255606,0.591952842
0.853036388,0.62030676
0.881030869,0.368812029
-0.519580114,0.063203807
0.516244576,0.100367658
0.450105116,0.087522531
-0.208434281,-0.373102227
-0.311448904,0.278893917
0.403683063,-0.356228911
-0.973683503,0.398928694
0.201784266,-1.004756645
0.558342833,-0.740752662
0.03440156,-0.950940337
0.245964781,0.440794179
0.355502631,-0.430035501
0.553435406,-0.246366243
-0.991333491,-0.317265064
0.642114716,-0.854215559
0.550147984,0.024761161
0.451397887,-0.191056826
-0.208500046,-0.514550675
-0.722273555,0.709757247
0.08946695,-0.505751851
0.320687703,0.183010763
0.496722353,-0.891701952
-0.372066879,-0.909622668
0.241996124,1.05197241
-0.958143428,0.275267378
0.370230889,-0.298905724
-0.597010524,-0.848202631
0.931079721,0.41475235
1.010476529,-0.086310234
0.487209415,0.864506565
0.555037869,0.054017064
-0.704031029,-0.667663725
-0.154694222,-0.474038449
0.133300299,0.49470142
0.090004805,-0.476426236
-0.019342395,0.399013623
-0.869800022,-0.489999228
0.035839945,1.031111395
0.018195255,-0.985032715
-0.299541589,-0.31075177
-0.899980916,-0.395738738
-0.899360161,0.402692429
0.585884074,-0.77969305
0.809334686,-0.638817973
-0.974410939,0.258078748
-0.721276432,-0.608132019
-0.184170839,0.384247599
1.066469643,0.177711913
0.132496962,0.506993372
-0.457499518,0.056174574
-0.470025261,0.082220488
0.43551948,-0.092113925
0.301191563,-0.468053958
-0.378980511,0.312109458
0.36374235,-0.411327566
-1.008506339,0.20330314
-0.738626542,-0.745201309
-0.899888846,0.537852981
0.451593719,0.08734138
0.028924399,-0.527891229
-0.835158871,-0.554372345
0.134478709,0.926280327
0.948205556,-0.445522884
0.474911441,-0.056195286
0.511050323,0.918604952
0.460029278,0.299128764
-0.17899474,-0.395846631
-0.41385284,-0.332490276
0.42905618,0.315831039
0.744840356,0.635992111
0.009671981,0.490752505
-0.370537549,-0.237352105
-1.003524375,0.295700062
-0.929624334,-0.184736496
-0.314312936,-0.366878291
-1.014433889,-0.121327905
-0.989513939,-0.080056959
0.225726181,0.533267682
-0.028389357,-0.53120996
0.596054023,0.875476672
-0.231778886,-0.522481435
-0.48172257,-0.038714919
-0.252789104,1.029408989
-0.097026292,-0.428760696
0.944188309,0.195782864
-0.312066715,-0.290474785
0.533306238,0.040163356
-1.064723113,-0.110084668
-0.540323118,0.805300312
-0.453396762,0.841064416
-0.522873965,0.117571635
0.909542129,0.319462538
0.233412574,-0.94834631
0.735792481,-0.565654109
-0.426096461,-0.860008286
0.306203648,-0.37646448
0.513796789,-0.080315084
-0.567028964,0.050770673
-0.357161178,0.433139436
-0.367561618,-0.33676203
0.612312422,0.832645326
-0.332439347,0.381783619
-0.954311311,-0.0244051
0.216948916,0.519744053
0.488313594,-0.871015509
-0.245132264,0.410720766
0.35171418,-0.924784987
-0.031865045,-0.433848044
-0.365679059,0.446656285
0.478103614,-0.866873612
0.455618396,0.24775644
0.169162671,0.419925005
0.840898841,-0.674092012
0.221997852,-1.013374016
-0.392459142,0.340925322
1.028387423,-0.204017146
0.131399966,0.948342477
0.939001403,-0.675874658
-0.460550542,0.884334991
0.876336226,-0.446612956
-0.419194199,0.009156464
-0.369247795,0.247623842
-0.305213891,-0.466131996
0.266817845,0.474927066
0.953632808,-0.31870281
0.482722118,-0.107249255
-0.904047846,0.507719271
0.439847816,0.907631453
0.08404875,-0.529169051
0.237456615,0.995416354
-0.173877815,-0.395429842
0.45015585,-0.958853339
0.336824932,0.99195178
0.460241522,0.869154112
-0.333713785,0.428897884
0.366838736,0.32196556
0.391169178,0.10422653
0.447770188,-1.028607755
0.540066022,-0.11901244
-0.243342915,-0.398468414
-0.917745865,-0.338819843
0.721881945,0.753840531
1.001621295,-0.088739736
-0.984482923,0.264624296
-0.360018777,-0.382035128
0.405406088,0.317799851
0.406107915,0.319287983
0.473152496,0.028579197
-0.074483722,0.556967466
0.010953363,-0.56608377
0.393257428,-0.414674569
0.407158711,-0.223822518
-0.417632806,0.189306574
0.678346949,-0.728899631
0.577653122,0.773424689
0.466233491,0.230573134
-0.163636078,0.487134108
0.370501967,-0.27741956
-0.740524731,-0.636081272
-0.433690295,0.296691725
0.202976286,-0.938022057
-0.415848804,0.220314646
-0.449295365,0.203080619
-0.495796976,-0.817517933
0.874215928,-0.377343005
-0.983754857,-0.015401518
-0.124427069,0.601232105
-0.485738638,-0.245096206
-0.878236205,-0.18222622
-0.881332844,-0.318121331
-0.390599764,-0.350181932
0.08172883,0.996557486
0.891665907,-0.478844629
0.365113882,0.226571936
-0.881244629,-0.513695244
0.508937873,-0.06203218
-0.101058733,-0.463196103
1.010468876,-0.165136931
-0.607885728,0.667311029
-0.464874129,0.107424487
-0.531313321,0.003952011
0.595536975,-0.764054269
0.942425342,-0.125652132
-0.648483293,-0.918232693
0.916669991,-0.5560773
0.992609098,0.002323679
-0.046384635,0.556241208
-0.476001247,-0.20695831
-0.454944546,-0.22788249
-0.983194985,0.413574618
0.58394516,0.884535866
-0.190500274,0.906292769
0.330712145,0.300851072
-0.495759848,0.988711273
0.543963847,-0.059297201
-0.35828701,-0.26457217
0.223274764,-0.534666148
-0.541845463,-0.122201755
-0.125065495,-0.433061718
-1.016218306,0.029934774
-0.504338937,0.866565201
0.950124778,-0.121831992
0.980362866,0.26749702
0.394181355,0.391181206
0.23090267,-0.407107445
0.849827263,-0.484924553
-0.536631184,-0.184924243
0.984419455,0.065796062
0.461852602,0.934905672
0.416900799,0.3340804
-0.946589797,0.205127219
-0.741712945,0.61547602
0.926394246,-0.376758821
-0.28476309,0.318066351
-0.080445998,-0.46309366
-0.992388621,0.046123836
-0.276708029,-0.440952907
-0.332415536,0.924614525
-0.945088578,0.287878707
-0.103122233,-0.462234257
0.311353722,-1.044021414
-0.771181196,-0.637471196
0.77097142,0.518756036
-0.08622204,0.427730673
-0.466226547,0.872673399
0.690938992,-0.785688674
0.548732364,0.800596838
0.444044923,-0.0869042
0.39103936,-0.378105775
0.142521459,-0.958675804
0.510387166,0.929677787
-0.284863784,0.497143259
-0.408416017,-0.285712092
0.281564218,0.351807301
0.99271438,-0.332831158
0.454432185,0.869861207
-0.258280703,0.304244921
-0.325406424,-0.344918699
0.984775267,0.074724017
-0.477903512,-0.909028863
0.320253753,0.409000974
-0.0422219,0.379767235
0.614195199,-0.827724401
0.040221098,0.326741848
-0.274336575,-0.345169593
-1.003708699,-0.250560942
0.474002671,-0.110148628
-1.07714584,0.193423013
0.327366262,0.945688654
-1.027258357,0.30211189
-0.897435352,0.588509484
0.106834181,-0.419810279
0.357476853,-0.950412752
-0.460222114,-0.307744852
-0.659330853,0.726168626
-0.125560394,-0.463262772
0.445107338,-0.15765376
-0.568030593,0.19508485
-1.014985981,-0.235420794
-0.701418121,-0.750730549
-0.405716917,-0.894772825
-0.17956029,-1.004726945
-0.220206411,0.435016602
0.053922262,0.467573305
-0.34878733,-0.169544451
-0.053541418,-1.082161691
0.116742137,-0.524174599
-0.353468496,-0.342155867
-0.542439367,-0.043689287
-0.026336722,0.517938206
0.217994286,0.92025763
-0.981647916,0.315321927
0.905877819,0.451922957
-0.464860773,0.070224455
0.360895916,-0.342395626
0.418599725,-0.258813219
-0.80642505,-0.662185718
0.271735026,0.43359077
-0.422813035,-0.256724203
0.109503737,-0.457609975
0.149350246,-0.490384143
-0.899181755,-0.470314315
0.467307053,0.061303619
0.243284539,0.333500143
0.3075203,-0.408844146
0.428611316,0.307305005
-0.338754961,0.382676702
0.27694656,-0.921600212
-0.019244826,0.497374362
-0.95413106,0.217698128
-0.344901137,-0.445351947
-0.292173619,0.309939953
-0.494543386,-0.073493873
-0.728476855,-0.650503844
-0.514547794,-0.089884355
0.360815858,-0.407978074
0.739496006,-0.685008138
0.067759827,-0.934015897
0.576355857,-0.810585696
0.321006229,-0.972534859
0.213010998,0.388702603
-0.745159557,-0.618341276
0.491501373,0.11811698
-0.796972785,0.595278766
-0.045843659,0.468815309
1.001156859,-0.178135228
0.942885988,-0.351556856
0.331833466,0.330623139
-0.141553467,0.556937999
-0.477403327,-0.161100653
-0.369510274,0.244189763
0.242561293,-0.577655639
-0.73311875,-0.587480325
0.178209627,-0.981740895
0.348704162,0.935786037
0.252214643,0.975301096
-0.493787298,0.037428234
0.550540321,-0.100111053
-0.504781266,0.079933009
0.273485756,0.333708009
-0.149993655,0.388654774
-0.24773479,-0.549131494
0.455940488,-0.90372591
0.358294693,-0.932358461
0.224731941,0.96463855
0.538465616,0.730261356
-0.34373621,0.279658918
0.444941693,-0.916537697
-0.231685515,-0.422261275
-0.9784186,0.325286694
-0.655643092,-0.810851721
-0.426041819,-0.878073287
0.291281415,-0.381266635
-0.135738424,-0.494185688
0.705822405,0.736290811
0.516533322,0.269974302
-0.767510798,-0.42523891
-0.523601343,0.092158173
1.000695022,0.314966272
0.301603383,0.421053923
-0.008159953,-0.544579399
-0.064308235,0.450383169
0.858790738,-0.231316453
0.487321837,-0.232450492
0.440479587,-0.251660759
0.476226658,0.068864699
0.226160447,0.43908095
-0.026710239,-0.946613981
0.329355371,-0.260582621
0.800359717,0.561858847
-0.390559633,-0.889959076
-0.506942515,-0.883698917
-1.034388905,0.287685308
-0.342719314,0.977152197
0.355105665,0.932131897
-0.397898439,0.188358191
-0.530486874,-0.137699798
0.524105872,0.239886908
-0.472426808,-0.856932204
0.110046109,-0.521438856
0.152208837,1.061591856
0.492373539,0.239053624
0.142710011,0.904404661
0.00208748,-0.534016382
0.238632723,-0.348559367
0.462593437,0.925018087
-0.012578041,0.957159786
0.454615539,0.864379132
0.268653103,-0.377859475
0.190129569,0.478895893
-0.123565652,0.960644432
-0.792595684,0.669592304
0.965815503,0.288678859
0.437699013,0.097822918
-0.412823587,0.959961227
0.576256967,-0.740743101
1.068025397,0.267384514
-0.57731145,0.120710737
0.407282553,-0.212444147
-0.397210093,0.234001951
0.252226226,0.526789469
-0.874149926,0.339354199
-0.413584655,0.091574086
-0.062437181,0.982064108
-0.9353648,-0.476033371
0.533593736,-0.055219776
0.345677877,0.443037797
0.928101629,-0.202279619
0.096503236,0.603693906
-0.795526068,0.657246883
0.828282551,0.561330801
0.37668325,0.19464039
-0.177282852,-0.98670824
-0.040940976,0.470608557
0.276590302,-0.442912093
0.271131121,-0.456700638
0.254383009,-0.45338356
0.416401077,0.342873939
0.73000847,-0.714453391
-0.290483221,-0.378247813
0.224181722,-0.526300433
0.468004263,-0.850299945
-0.475101698,-0.201755376
-0.150610163,0.96419821
-0.374576068,0.296888883
0.326126532,-0.403444532
0.293239282,-0.358646297
0.977400158,-0.246636159
0.839435477,-0.390964752
-0.312602086,0.329095696
0.396109561,-0.188652864
-0.345810492,0.979768951
-0.23523898,0.424712552
-0.1211384,0.492546887
0.920001253,0.579907971
0.956540393,0.190686775
-0.274875682,0.989649646
0.437721732,0.243599402
0.99104598,-0.119906474
-0.456911387,-0.10622975
0.585620456,0.82893218
0.15380061,0.928592581
0.462056856,-0.290546273
-0.21704359,0.990277181
-0.584346939,0.694665432
0.936431948,0.387643441
0.189224763,-0.933063641
0.077744161,-0.555827329
-0.366122622,-0.922218057
-0.761475498,0.704148874
-0.699724807,-0.734398002
0.439302999,0.819247105
0.557673123,-0.079410892
-0.265055273,-0.604686797
0.045422614,0.485691066
0.871393268,-0.597538208
-0.57865252,-0.051956221
0.21080381,0.400318608
-0.00514011,0.587265173
1.021575787,0.175318853
-0.493216366,0.058601563
0.391830284,1.011464059
0.11219854,0.505885776
-0.494687879,-0.166269495
0.879431572,-0.408510213
0.328677048,0.401118147
0.239682266,0.419771269
0.219065288,-0.935713947
-0.325962023,0.335466586
0.410567805,0.903643812
0.954672797,-0.031990711
-0.165428848,-0.445167458
-0.308758056,0.506077267
-0.949141613,0.410075209
0.02517887,1.086534313
-0.282730517,-0.401588841
-0.75191495,-0.540238908
0.401527785,-0.954621609
-0.325837937,0.320584852
-0.789071036,0.652788435
-0.067262701,-0.415211464
-0.342762703,-0.500472966
0.614654647,0.772827719
0.193913484,-0.416393743
0.598747249,-0.897963153
0.017949207,-0.549916581
-0.777863446,0.681901356
-0.622934962,-0.776148201
-0.842153107,-0.513614528
-0.342360983,-0.285485116
-0.479340213,-0.257759267
-0.647112784,0.708900522
0.404161001,0.178805427
-0.592213483,-0.095234543
-0.331176996,-0.271972087
0.977967453,0.21575435
-0.452241589,0.119273915
-0.898305633,0.546822995
0.470385416,0.097732448
1.074444804,0.12024099
0.31100873,0.477227728
-0.498992097,0.230706072
0.553831748,0.558558013
0.436859615,0.156143416
-0.444444098,0.249752704
0.486519153,-0.106007368
-0.421282717,0.180623012
-0.406001456,0.247731688
0.450868655,0.165908388
-0.036799439,-1.048836557
-0.204806278,0.991814443
-0.469318969,-0.237310598
0.960148383,-0.029572424
0.290758917,-0.931105795
0.457884816,0.727750865
0.990829443,-0.109917419
-0.020007047,0.545816159
0.709307886,0.874297157
-1.010976609,-0.074784442
0.473313607,0.926139955
1.045204327,0.166320775
0.388059476,-0.312611649
-0.110271532,-1.061526002
-1.02278286,0.071000615
-0.879855837,0.008920222
-0.044213681,0.935743312
0.08525825,0.472717978
-1.010090336,0.084493246
-0.153919433,0.507330748
-0.914801347,-0.077787096
0.39755218,0.253458103
-0.071207535,-0.584039928
-0.586112536,0.822000649
-0.315848456,-0.428398151
-0.475201483,0.045855754
0.119077275,0.958340525
-0.004970315,-0.633132847
-0.091496486,-1.063429024
-0.977250705,0.001459863
0.105994468,0.535126232
0.906681686,-0.362688566
0.419638835,0.227265011
-0.128093896,0.443780708
-0.236173355,-0.421746858
-0.561704552,-0.149725247
-0.399143781,-0.315862905
0.249800134,0.456172561
-0.067688443,0.474220687
-0.403660062,-0.089936178
0.422567699,-0.19534854
-0.50706781,0.236392595
-0.049440371,0.494636793
0.573601408,0.160836767
-0.957440718,0.346013314
-0.103069033,0.984878383
0.732053773,0.654708968
0.505812111,-0.8481353
0.136014244,0.432585904
0.423961439,-1.023402964
-0.993447688,-0.073076145
0.716948929,0.686258907
-0.475707797,-0.013893418
-0.932823906,-0.520300842
0.507098875,0.099701862
-0.536744747,-0.061553439
-0.749362636,0.642360061
0.87175713,0.398393192
0.139424041,-0.579037108
-0.513558956,0.829711087
0.216548091,0.518864329
0.528755545,-0.211614767
-0.498062274,0.25256789
-0.961372392,-0.198659447
-0.997016439,0.387508711
-0.665681275,0.79489616
0.479599089,0.001011035
-0.491049321,0.160684433
0.418981806,-0.324876582
0.513647642,0.88174985
0.389843921,0.224850681
0.909707715,0.223947208
-0.320696423,-0.223656725
0.19574715,0.454856947
-0.472384363,-0.971926823
0.818148869,-0.552200527
0.300139156,1.023248343
-0.475617907,0.766311989
0.952991959,-0.295726794
-0.156673165,-0.960557887
-0.072489408,-1.029531865
0.56558405,-0.87180869
0.968489089,-0.41616109
-0.158192612,-0.469684725
-0.035628471,-0.566707971
-0.868990876,-0.393100495
0.120757767,0.48289044
-0.49914196,-0.13369094
0.718468237,-0.673767161
0.483946518,0.200953073
0.504083357,-0.092724568
-0.380364598,-0.34834945
0.64413009,0.753145374
0.325309659,0.44352118
-0.712699918,-0.626572502
0.432635214,-0.220104812
0.509024839,-0.003330775
-0.140491325,0.458992789
0.55464081,0.831357462
0.382892887,0.180934732
0.856839882,0.624507652
0.306591057,0.314237829
-0.157257457,-0.989906951
0.271623284,0.321017123
0.045540151,1.064526433
0.742860611,0.60370111
-0.076097832,-0.977182092
0.897281126,-0.340274044
-0.878503137,0.487945839
0.361001791,-0.343894203
0.23606967,-0.887971257
-0.418928179,0.076474976
0.310445289,-0.936192151
-0.679949308,0.792224455
-0.238985136,0.434101276
0.222413122,-0.405034113
0.473205359,0.03418417
0.406588045,0.274089164
-0.345188158,-0.358047974
0.017197268,-0.945138018
0.913778774,-0.598841635
